Locality,Zone_Type,Footfall_Score,Demo_Score,Competitor_Gap,Rent_Index,POI_Score,Competitor_Count,Daily_Footfall,Avg_Spend_AED,Conversion_Rate,Monthly_Revenue_AED,Store_Size_Sqft,Lease_Cost_AED,ROI_Score,Peak_Hours,Weekend_Multiplier,Parking_Available,Metro_Proximity_Km,Recommended
Mirdif City Ctr,Business District,77,77,62,71,77,2,5154,334.2,0.0537,2774894.0,2000,355000,92.8,2PM-6PM,1.37,True,0.91,1
Al Qusais,Mall,53,55,75,35,54,1,3856,337.3,0.0639,2493305.0,800,70000,426.42,6PM-10PM,1.74,True,0.16,0
Jumeirah,High Street,61,78,68,79,74,1,5291,278.9,0.0482,2133804.0,1000,197500,128.65,10AM-2PM,1.98,False,4.23,0
Silicon Oasis,High Street,45,60,86,38,48,1,3612,361.9,0.0705,2764692.0,2000,190000,173.61,10AM-2PM,1.42,True,0.72,0
Motor City,Mixed Use,50,58,83,35,64,0,4105,404.6,0.0709,3532698.0,2000,175000,241.24,2PM-6PM,1.91,True,0.63,0
Silicon Oasis,Mall,54,62,88,31,53,0,3837,320.6,0.0679,2505800.0,800,62000,483.99,2PM-6PM,1.31,True,2.48,0
Karama,High Street,57,57,72,46,57,0,4608,356.4,0.0713,3512861.0,800,92000,457.2,10AM-2PM,1.85,False,0.13,0
Al Barsha,Mall,68,65,79,54,72,0,5183,292.0,0.0667,3028385.0,1500,202500,178.46,10AM-2PM,1.4,True,3.16,0
DIFC,High Street,66,90,70,87,81,0,5518,352.2,0.0584,3404906.0,1500,326250,124.24,2PM-6PM,1.39,True,3.45,0
Bur Dubai,Mall,71,71,46,51,69,3,5485,409.9,0.0494,3331983.0,1200,153000,260.33,10AM-2PM,1.89,True,1.07,0
Deira,Business District,70,70,39,57,67,3,5208,429.0,0.0485,3250808.0,1000,142500,272.75,10AM-2PM,1.39,True,4.05,0
Business Bay,Mall,75,87,58,89,74,1,6052,356.1,0.0666,4305924.0,1500,333750,153.82,2PM-6PM,1.74,True,1.74,1
Jumeirah,High Street,65,73,77,76,78,1,4824,281.1,0.0518,2107265.0,1200,228000,109.91,10AM-2PM,1.63,True,2.9,0
Downtown Dubai,High Street,96,96,33,98,96,3,7726,520.9,0.0358,4322284.0,2000,490000,104.85,6PM-10PM,1.81,True,4.48,0
Silicon Oasis,Business District,54,63,82,38,63,1,3856,309.9,0.0595,2133029.0,1000,95000,268.44,2PM-6PM,1.28,True,4.46,0
JBR,Mixed Use,88,80,49,84,87,3,6675,369.1,0.0367,2712580.0,1000,210000,154.0,10AM-2PM,1.69,True,0.12,0
Dubai Marina,Mall,87,92,54,85,86,1,6573,399.1,0.0538,4233981.0,800,170000,297.87,2PM-6PM,1.43,True,0.23,1
Dubai Marina,High Street,85,77,52,79,91,2,7059,338.7,0.0517,3708260.0,1200,237000,186.76,10AM-2PM,1.98,False,0.28,1
Al Barsha,High Street,67,63,61,68,66,2,5518,311.3,0.0422,2174676.0,2000,340000,75.75,10AM-2PM,1.79,True,2.79,0
Mirdif City Ctr,Mall,86,75,57,61,80,3,6578,323.2,0.0516,3291063.0,2000,305000,128.48,2PM-6PM,1.96,False,1.25,1
Deira,Mall,78,81,47,59,70,0,6563,348.5,0.0554,3801336.0,1500,221250,205.17,10AM-2PM,1.64,False,1.8,0
Dubai Mall,Mall,100,84,32,90,94,4,7944,322.1,0.0342,2625290.0,1000,225000,139.02,2PM-6PM,1.75,True,1.25,0
Mirdif City Ctr,Mixed Use,81,71,64,66,86,2,6065,374.6,0.0536,3653294.0,800,132000,331.12,2PM-6PM,1.4,True,3.92,1
Business Bay,Mixed Use,85,91,52,80,83,2,5672,390.8,0.031,2061454.0,2000,400000,60.84,10AM-2PM,1.24,False,3.83,1
Jumeirah,Mall,66,79,72,72,70,2,4776,468.7,0.0495,3324189.0,800,144000,276.02,10AM-2PM,1.6,True,2.52,0
Business Bay,Mixed Use,85,89,66,89,82,1,6830,354.5,0.0454,3297722.0,800,178000,221.32,2PM-6PM,1.32,True,1.13,1
Al Barsha,High Street,62,64,61,58,69,1,5388,419.7,0.0567,3846545.0,2000,290000,158.17,2PM-6PM,1.25,True,0.62,0
Jumeirah,Mall,59,84,77,67,67,2,4697,296.4,0.0375,1566215.0,1000,167500,111.21,10AM-2PM,1.23,False,2.42,0
Bur Dubai,Business District,73,69,47,51,67,3,5391,301.8,0.0694,3387422.0,1000,127500,317.82,2PM-6PM,1.56,True,1.32,0
Al Qusais,Mall,59,48,85,34,50,0,4334,238.9,0.0606,1882344.0,800,68000,331.18,10AM-2PM,1.75,True,4.11,0
Karama,High Street,61,63,71,45,53,1,5579,341.8,0.0568,3249361.0,1200,135000,287.83,6PM-10PM,1.51,False,2.6,0
Dubai Mall,Mixed Use,94,77,25,94,97,4,7671,357.2,0.0627,5154093.0,2000,470000,130.59,6PM-10PM,1.4,True,0.67,0
DIFC,High Street,67,91,71,92,84,2,5997,327.2,0.0604,3555540.0,1500,345000,122.67,2PM-6PM,1.83,True,2.21,0
Mirdif City Ctr,Mall,77,78,66,60,85,0,5280,405.9,0.048,3086139.0,1000,150000,245.89,2PM-6PM,1.56,False,1.41,1
Deira,Mall,69,69,46,54,61,3,4867,329.9,0.0605,2914206.0,1500,202500,171.69,6PM-10PM,1.9,True,4.38,0
Karama,Mall,57,57,64,44,54,1,3961,292.4,0.0788,2737976.0,800,88000,372.36,6PM-10PM,1.7,True,3.94,0
Motor City,High Street,60,65,83,40,65,1,5690,285.2,0.0674,3281277.0,1200,120000,327.13,10AM-2PM,1.89,True,1.85,0
Jumeirah,High Street,61,76,74,75,76,0,4442,345.3,0.0552,2540010.0,800,150000,202.2,6PM-10PM,1.72,True,2.67,0
Downtown Dubai,Mall,97,94,29,91,89,2,8223,272.2,0.0678,4552703.0,2000,455000,119.07,6PM-10PM,1.59,False,0.49,0
Silicon Oasis,Mixed Use,57,60,80,36,57,1,4106,313.7,0.0582,2248939.0,1200,108000,248.88,2PM-6PM,1.65,True,1.33,0
Al Qusais,Mall,53,58,79,46,59,0,4246,372.3,0.0549,2603554.0,1200,138000,225.4,2PM-6PM,1.56,True,2.52,0
JBR,Mixed Use,90,90,52,84,84,1,7920,383.8,0.0309,2817798.0,800,168000,200.27,2PM-6PM,1.3,False,4.23,1
Al Qusais,Mall,61,54,80,40,58,1,4658,361.5,0.0686,3465398.0,1500,150000,276.23,2PM-6PM,1.51,False,2.03,0
Silicon Oasis,Business District,48,61,89,23,65,0,4338,217.1,0.0736,2079450.0,2000,115000,215.99,6PM-10PM,1.63,True,1.56,0
DIFC,Mall,67,92,72,96,89,0,5116,358.5,0.0656,3609481.0,800,192000,224.59,2PM-6PM,1.77,True,3.42,0
Downtown Dubai,Mixed Use,85,98,32,89,91,4,7286,416.2,0.0635,5776785.0,1500,333750,206.7,6PM-10PM,1.48,True,4.1,0
Downtown Dubai,Mall,87,84,39,84,92,4,7281,320.8,0.0673,4715869.0,1000,210000,268.48,6PM-10PM,1.79,False,4.17,0
Mirdif City Ctr,Mall,83,73,57,62,79,1,7115,310.0,0.0466,3083499.0,2000,310000,118.36,10AM-2PM,1.47,False,0.12,1
Jumeirah,High Street,63,75,64,56,75,2,5275,386.5,0.0439,2685083.0,1200,168000,190.79,2PM-6PM,1.73,True,4.33,0
Dubai Mall,Mall,91,95,30,88,98,1,6721,292.4,0.0354,2087064.0,1200,264000,93.87,2PM-6PM,1.35,True,2.18,0
Al Barsha,Mall,61,75,66,69,60,1,5675,507.8,0.0596,5152596.0,1200,207000,297.7,2PM-6PM,1.92,True,3.62,0
Mirdif City Ctr,Mixed Use,76,77,56,64,82,2,5715,299.3,0.0578,2966006.0,1200,192000,184.38,6PM-10PM,1.78,False,4.45,1
Al Barsha,Mall,61,67,66,56,71,1,5563,361.6,0.0694,4188111.0,1200,168000,298.15,2PM-6PM,1.49,True,3.75,0
Business Bay,High Street,85,94,47,76,77,3,6784,413.5,0.0507,4266685.0,1200,228000,223.56,10AM-2PM,1.63,True,1.23,0
Downtown Dubai,Mixed Use,84,100,40,97,94,2,6715,438.7,0.0656,5797473.0,1000,242500,285.89,10AM-2PM,1.21,True,4.06,0
Downtown Dubai,Mall,86,87,39,91,100,2,7008,420.8,0.0657,5812413.0,1000,227500,305.59,6PM-10PM,1.35,True,3.49,0
Karama,Mall,54,56,74,40,62,1,5360,219.6,0.0592,2090451.0,800,80000,312.57,6PM-10PM,1.41,True,0.33,0
Silicon Oasis,Mixed Use,55,57,96,28,51,2,4047,424.9,0.0594,3064274.0,1200,84000,436.75,10AM-2PM,1.2,False,0.12,0
Al Qusais,Business District,54,53,77,41,55,1,4510,242.3,0.0692,2268597.0,800,82000,330.99,6PM-10PM,1.75,True,3.05,0
Deira,High Street,83,63,58,51,70,1,6947,281.2,0.0554,3246711.0,2000,255000,151.79,2PM-6PM,1.24,True,2.4,1
Mirdif City Ctr,High Street,80,72,57,63,83,1,7027,308.9,0.0482,3138746.0,800,126000,297.93,2PM-6PM,1.46,True,4.0,1
Deira,Business District,75,68,49,56,71,1,5914,372.9,0.0545,3605716.0,1500,210000,205.04,2PM-6PM,1.27,True,2.4,0
Dubai Mall,Business District,92,88,23,90,92,5,7342,304.3,0.0492,3297636.0,1500,337500,116.25,10AM-2PM,1.83,True,1.94,0
Al Barsha,Mall,65,73,69,59,68,1,5034,406.7,0.0669,4108987.0,1000,147500,333.29,10AM-2PM,1.38,True,3.53,0
Downtown Dubai,Mixed Use,92,97,35,84,97,3,7414,504.8,0.0334,3750072.0,1200,252000,177.57,2PM-6PM,1.7,False,0.25,0
Dubai Marina,Mall,84,82,50,80,90,2,7261,378.2,0.0465,3830824.0,1500,300000,152.23,6PM-10PM,1.78,True,0.46,0
Al Qusais,Mixed Use,58,60,78,42,57,2,4844,449.0,0.0698,4554358.0,1500,157500,346.0,6PM-10PM,1.33,True,1.15,0
Business Bay,High Street,82,93,65,81,82,2,6143,332.2,0.0526,3220232.0,1500,303750,126.22,10AM-2PM,1.61,True,1.36,1
Silicon Oasis,Mall,58,50,83,30,56,0,4616,279.8,0.0616,2386797.0,2000,150000,189.94,2PM-6PM,1.96,True,3.49,0
Dubai Mall,Mall,100,80,34,92,98,1,7737,366.0,0.0489,4154166.0,1200,276000,179.62,6PM-10PM,1.56,True,4.49,0
Dubai Mall,High Street,100,90,34,92,94,2,8215,395.9,0.0526,5132159.0,1200,276000,222.14,2PM-6PM,1.38,True,0.24,0
Jumeirah,Mixed Use,72,82,80,82,66,0,5519,320.5,0.0803,4261134.0,1200,246000,206.86,10AM-2PM,1.93,False,0.92,1
Motor City,Business District,54,64,81,36,55,0,3949,312.2,0.0642,2374523.0,1200,108000,262.84,10AM-2PM,1.21,True,1.83,0
Silicon Oasis,High Street,57,66,88,39,62,0,4583,313.4,0.0517,2227720.0,800,78000,341.73,2PM-6PM,1.46,True,0.49,0
Karama,Mixed Use,55,54,72,47,60,2,4505,306.8,0.0704,2919067.0,800,94000,371.65,2PM-6PM,1.7,False,2.79,0
Motor City,High Street,67,71,80,50,58,0,5458,441.0,0.0575,4152037.0,2000,250000,198.3,6PM-10PM,1.98,True,0.9,0
Mirdif City Ctr,Mixed Use,77,74,53,70,79,1,6072,524.8,0.0483,4617363.0,800,140000,394.77,10AM-2PM,1.89,False,3.37,1
Dubai Marina,High Street,77,93,53,82,95,2,7633,411.5,0.0518,4881082.0,1000,205000,284.72,2PM-6PM,1.68,False,2.98,1
DIFC,High Street,76,95,72,83,91,1,6280,402.6,0.0547,4148986.0,2000,415000,118.97,2PM-6PM,1.9,True,2.37,1
Jumeirah,Mall,63,76,73,63,80,1,4892,403.6,0.0621,3678328.0,1500,236250,185.84,10AM-2PM,1.39,True,3.99,0
Downtown Dubai,High Street,90,85,39,89,86,2,7950,322.3,0.0602,4627487.0,800,178000,310.97,6PM-10PM,1.73,True,3.81,0
Al Qusais,High Street,56,60,77,45,66,0,4254,308.7,0.0646,2545001.0,1200,135000,225.22,10AM-2PM,1.27,True,2.67,0
Al Qusais,Mall,58,57,77,43,44,0,4204,501.9,0.0671,4247405.0,1000,107500,473.13,6PM-10PM,1.74,True,3.92,0
Downtown Dubai,High Street,93,96,28,91,94,3,7523,367.8,0.0444,3685590.0,800,182000,242.01,10AM-2PM,1.68,False,3.74,0
Business Bay,High Street,72,92,59,79,84,2,5629,329.7,0.0526,2928581.0,1500,296250,117.63,2PM-6PM,1.92,False,1.5,1
Karama,High Street,58,59,68,44,60,0,3919,261.4,0.0763,2344912.0,1500,165000,169.54,10AM-2PM,1.39,True,1.1,0
Deira,Mixed Use,72,71,51,58,87,0,4944,338.8,0.057,2864297.0,1000,145000,236.05,6PM-10PM,1.21,True,0.13,1
Motor City,Business District,57,59,87,39,54,2,4346,299.2,0.0707,2757986.0,1200,117000,281.87,6PM-10PM,1.66,True,3.26,0
JBR,Business District,84,77,54,79,85,2,7643,374.7,0.0584,5017434.0,1000,197500,303.86,2PM-6PM,1.84,True,0.29,1
Deira,Mall,73,71,56,61,74,1,6078,273.2,0.0642,3198141.0,800,122000,313.57,10AM-2PM,1.44,False,3.85,1
Mirdif City Ctr,High Street,76,76,55,75,76,2,6396,359.4,0.0606,4179077.0,2000,375000,132.73,6PM-10PM,1.64,True,1.82,1
Karama,Business District,61,63,60,41,69,3,4673,432.9,0.0619,3756603.0,1000,102500,438.8,10AM-2PM,1.26,True,4.03,0
DIFC,High Street,63,88,75,82,91,0,4779,337.5,0.0646,3125824.0,1000,205000,181.98,10AM-2PM,1.57,True,0.33,0
Al Qusais,Mall,62,58,87,36,63,1,4619,332.2,0.0562,2587052.0,1000,90000,343.94,10AM-2PM,1.86,True,1.42,0
Al Barsha,Mixed Use,67,64,65,63,68,1,4985,404.8,0.0618,3741239.0,1500,236250,189.03,2PM-6PM,1.25,True,1.1,0
Karama,Mixed Use,63,56,66,45,63,0,4239,273.9,0.0814,2835314.0,1200,135000,251.03,6PM-10PM,1.99,False,1.02,0
Motor City,Mall,64,53,87,45,70,0,4939,338.0,0.0616,3085018.0,1200,135000,273.22,2PM-6PM,1.38,False,2.62,0
Deira,High Street,82,68,45,67,70,2,6824,295.4,0.0282,1705375.0,800,134000,151.72,2PM-6PM,1.25,True,0.69,0
Dubai Marina,Mixed Use,86,82,53,79,79,1,7451,421.0,0.0357,3359589.0,1200,237000,169.11,6PM-10PM,1.76,False,1.15,1
DIFC,High Street,68,91,67,94,92,0,5753,276.3,0.0528,2517853.0,2000,470000,63.29,2PM-6PM,1.54,True,4.0,0
Silicon Oasis,Mall,48,66,75,48,55,1,3723,263.1,0.052,1528053.0,1000,120000,151.81,10AM-2PM,1.37,True,1.16,0
Business Bay,High Street,88,87,55,89,73,2,7037,245.0,0.0526,2720575.0,1000,222500,145.73,10AM-2PM,1.69,False,1.83,1
Deira,High Street,74,75,41,64,75,3,6998,310.7,0.0462,3013550.0,800,128000,281.52,6PM-10PM,1.61,True,3.34,0
Dubai Mall,Mixed Use,96,86,29,100,100,3,7772,202.8,0.0511,2416256.0,1500,375000,76.32,6PM-10PM,1.83,True,1.91,0
Business Bay,Business District,87,91,62,81,72,3,6798,442.9,0.0561,5067234.0,800,162000,374.35,6PM-10PM,1.23,False,3.61,1
Al Qusais,Mall,60,49,77,42,54,0,5010,461.0,0.0654,4531455.0,800,84000,646.35,6PM-10PM,1.64,True,0.82,0
Dubai Marina,Business District,82,85,51,81,81,3,6712,402.8,0.058,4704253.0,2000,405000,138.39,2PM-6PM,1.78,False,2.99,1
Bur Dubai,Mall,69,73,46,51,61,2,5677,306.0,0.0478,2491090.0,1000,127500,233.46,6PM-10PM,1.32,True,1.92,0
Business Bay,Mixed Use,83,100,60,76,83,1,7284,382.9,0.0647,5413534.0,800,152000,426.38,6PM-10PM,1.99,True,1.87,1
Deira,Mall,71,63,50,58,74,0,6152,423.1,0.0619,4833606.0,1500,217500,265.68,2PM-6PM,1.87,False,0.15,0
Jumeirah,High Street,64,82,67,67,78,1,5983,323.2,0.0561,3254427.0,2000,335000,115.58,2PM-6PM,1.76,True,2.83,0
Dubai Marina,High Street,89,84,44,86,86,2,7160,454.7,0.051,4981148.0,1500,322500,184.35,2PM-6PM,1.59,True,2.75,0
Al Qusais,Mall,57,61,83,34,59,0,3173,369.7,0.0729,2565478.0,800,68000,451.73,10AM-2PM,1.68,False,4.49,0
Al Qusais,Mall,53,50,75,37,66,0,3768,352.7,0.0655,2611433.0,1000,92500,337.78,10AM-2PM,1.76,True,2.68,0
Downtown Dubai,Mall,80,92,40,91,92,1,6303,377.7,0.0659,4706531.0,1500,341250,164.5,6PM-10PM,1.6,True,3.31,0
Downtown Dubai,Mixed Use,89,90,30,91,98,1,6643,294.8,0.0383,2250152.0,800,182000,147.36,10AM-2PM,1.59,True,0.38,0
Deira,High Street,68,73,50,51,71,3,5615,324.2,0.0719,3926566.0,800,102000,460.95,10AM-2PM,1.41,True,0.97,0
Al Barsha,Mixed Use,68,65,59,56,76,2,5144,347.8,0.0614,3295491.0,2000,280000,140.24,2PM-6PM,1.63,False,2.51,0
JBR,Mall,87,80,48,79,87,1,7844,464.6,0.0441,4821439.0,1500,296250,194.3,6PM-10PM,1.24,False,0.99,0
Mirdif City Ctr,Mall,80,75,65,68,86,2,6629,281.6,0.0753,4216935.0,800,136000,371.08,10AM-2PM,1.28,True,1.34,1
Deira,Mall,73,69,50,57,78,2,4924,301.1,0.057,2535274.0,2000,285000,105.75,10AM-2PM,1.52,False,2.45,0
Deira,Mall,84,80,35,56,66,1,6584,391.3,0.0508,3926310.0,1500,210000,223.36,10AM-2PM,1.79,False,1.48,0
Silicon Oasis,Business District,51,61,85,36,60,1,4212,329.1,0.065,2703030.0,1500,135000,239.27,2PM-6PM,1.54,True,0.16,0
Jumeirah,Mall,72,77,74,71,74,2,5255,266.1,0.065,2726793.0,800,142000,229.43,2PM-6PM,1.86,False,2.41,1
Business Bay,High Street,79,96,59,87,82,2,7291,284.0,0.0415,2577952.0,1200,261000,117.53,10AM-2PM,1.74,True,3.12,1
Al Qusais,Mixed Use,61,50,80,42,53,0,4273,284.3,0.0786,2864531.0,1500,157500,217.25,6PM-10PM,1.85,True,4.05,0
DIFC,High Street,73,98,65,90,76,2,5910,221.8,0.0705,2772422.0,1200,270000,122.22,10AM-2PM,1.54,True,4.35,1
Downtown Dubai,High Street,89,89,38,92,95,2,6856,404.5,0.058,4825458.0,2000,460000,124.88,10AM-2PM,1.39,True,2.16,0
Jumeirah,Business District,68,75,68,70,69,1,6059,263.6,0.0615,2946746.0,1200,210000,167.39,2PM-6PM,1.66,True,1.21,0
Business Bay,Business District,73,83,59,89,82,2,6340,357.8,0.0307,2089244.0,1500,333750,74.12,2PM-6PM,1.82,True,4.03,1
Karama,Mall,69,58,75,50,58,1,5072,296.2,0.0532,2397713.0,800,100000,286.73,10AM-2PM,1.58,True,0.72,0
Al Qusais,Mall,57,42,70,49,52,0,3835,162.6,0.0858,1605072.0,2000,245000,77.62,2PM-6PM,1.24,False,3.81,0
Dubai Mall,Mixed Use,100,87,32,100,99,2,7610,338.8,0.0477,3689502.0,1200,300000,146.58,6PM-10PM,1.9,True,3.19,0
DIFC,Mall,73,98,69,88,79,2,6014,393.2,0.0489,3469022.0,2000,440000,93.61,10AM-2PM,1.77,False,3.27,1
Jumeirah,Business District,62,80,80,74,73,0,3884,290.5,0.0568,1922627.0,1500,277500,82.14,2PM-6PM,1.46,False,1.92,0
Karama,High Street,57,54,75,44,60,1,4676,365.7,0.072,3693629.0,1500,165000,267.63,10AM-2PM,1.92,True,2.45,0
Al Barsha,High Street,72,76,52,67,67,3,5672,294.7,0.0407,2040948.0,1500,251250,96.48,6PM-10PM,1.63,False,2.7,1
Al Qusais,High Street,56,57,80,28,51,1,5065,215.5,0.0799,2616343.0,800,56000,559.64,2PM-6PM,1.33,True,0.73,0
Al Barsha,Mall,71,61,71,57,63,1,5733,341.3,0.0733,4302724.0,800,114000,451.92,10AM-2PM,1.31,True,0.22,1
Bur Dubai,High Street,79,62,50,49,69,1,6688,320.7,0.0389,2503030.0,2000,245000,121.6,2PM-6PM,1.3,False,1.73,0
Al Qusais,High Street,61,53,83,39,54,0,4094,349.3,0.0536,2299495.0,800,78000,352.77,10AM-2PM,1.81,False,2.04,0
Deira,High Street,78,72,49,55,65,3,6613,270.7,0.0564,3028915.0,800,110000,329.43,10AM-2PM,1.56,True,2.25,0
DIFC,Mall,75,99,64,83,84,2,5653,445.6,0.0637,4813765.0,1200,249000,230.99,6PM-10PM,1.93,False,2.45,1
Al Qusais,High Street,61,51,78,36,64,0,5206,321.9,0.0656,3297997.0,1000,90000,438.73,6PM-10PM,1.36,False,1.8,0
Bur Dubai,Mall,72,71,52,51,59,2,6518,234.1,0.0726,3323331.0,800,102000,389.98,10AM-2PM,1.55,False,4.03,1
DIFC,Mall,78,89,65,93,80,2,6470,485.6,0.0703,6626124.0,800,186000,426.49,2PM-6PM,1.97,True,4.49,1
Al Barsha,Mall,76,64,65,60,64,2,6849,350.0,0.0525,3775511.0,1200,180000,250.7,6PM-10PM,1.71,True,3.17,1
Karama,Mixed Use,56,60,71,42,58,1,4481,415.3,0.0595,3321812.0,1000,105000,378.64,6PM-10PM,1.37,False,1.87,0
Mirdif City Ctr,Mixed Use,79,78,58,68,74,0,6359,334.4,0.0576,3674505.0,800,136000,323.22,6PM-10PM,1.91,True,2.08,1
Deira,Mall,84,71,51,57,83,1,6611,242.9,0.0445,2143759.0,1500,213750,119.35,6PM-10PM,1.78,True,0.8,1
JBR,High Street,89,80,51,80,94,2,6690,282.0,0.0666,3769387.0,1200,240000,187.47,2PM-6PM,1.45,False,4.02,1
Karama,Mixed Use,58,50,62,45,62,2,4695,364.3,0.0632,3242897.0,2000,225000,171.95,10AM-2PM,1.35,True,0.67,0
Dubai Marina,High Street,79,92,51,80,85,0,6523,362.0,0.0541,3832432.0,1000,200000,228.95,6PM-10PM,1.5,True,3.48,1
JBR,Mall,88,74,61,75,97,2,7354,362.7,0.0698,5585317.0,2000,375000,177.73,10AM-2PM,1.31,True,3.35,1
Al Qusais,Mall,56,64,73,38,55,0,4737,312.6,0.0678,3011919.0,1000,95000,379.45,10AM-2PM,1.93,False,3.22,0
Silicon Oasis,Mall,55,58,71,38,45,1,4407,321.8,0.0667,2837763.0,1500,142500,237.97,10AM-2PM,1.45,False,3.5,0
Al Barsha,Mall,66,72,57,53,66,1,4676,260.3,0.0443,1617609.0,800,106000,182.13,6PM-10PM,1.73,True,3.97,0
DIFC,High Street,75,98,73,78,80,0,5910,334.7,0.0545,3234156.0,1500,292500,131.68,6PM-10PM,1.74,True,4.46,1
Mirdif City Ctr,Business District,82,75,58,61,78,2,6729,304.1,0.0475,2915962.0,1200,183000,190.21,6PM-10PM,1.33,True,3.66,1
Motor City,Business District,67,63,82,44,61,2,5435,311.2,0.0562,2851653.0,800,88000,387.86,6PM-10PM,1.81,True,4.28,0
Silicon Oasis,Mall,54,58,84,41,46,0,3608,418.4,0.0625,2830476.0,800,82000,413.22,6PM-10PM,1.6,True,4.29,0
Silicon Oasis,Mixed Use,57,52,87,45,51,0,4229,333.0,0.0704,2974239.0,2000,225000,157.63,2PM-6PM,1.77,True,2.92,0
Mirdif City Ctr,Mall,82,77,65,66,79,1,7243,417.8,0.0618,5610436.0,1200,198000,339.03,6PM-10PM,1.22,True,3.01,1
Deira,Mall,71,87,37,66,70,1,5343,344.5,0.0589,3252452.0,2000,330000,117.27,10AM-2PM,1.49,True,1.16,0
Deira,Mall,73,73,39,58,80,3,4873,306.8,0.0686,3076785.0,2000,290000,126.32,6PM-10PM,1.92,False,1.86,0
Silicon Oasis,High Street,52,59,92,27,57,0,4341,252.1,0.0765,2511570.0,1500,101250,296.67,6PM-10PM,1.26,False,2.33,0
DIFC,Mall,68,100,70,96,81,2,5624,357.1,0.0592,3566795.0,800,192000,221.92,10AM-2PM,1.25,True,3.28,0
Al Barsha,Mixed Use,58,68,59,54,64,3,5050,407.4,0.0552,3407005.0,1000,135000,301.84,10AM-2PM,1.77,False,0.9,0
Silicon Oasis,High Street,48,57,86,42,56,0,4588,263.3,0.0608,2203429.0,1000,105000,250.82,10AM-2PM,1.68,True,3.24,0
Business Bay,Mixed Use,82,95,59,80,82,1,6784,353.1,0.0542,3894970.0,1200,240000,193.75,6PM-10PM,1.76,False,3.89,1
Dubai Mall,Mall,93,87,25,97,99,1,7085,322.7,0.0663,4547509.0,1000,242500,224.03,2PM-6PM,1.21,False,0.65,0
Silicon Oasis,High Street,57,52,83,39,60,0,4584,351.6,0.065,3142882.0,1200,117000,321.35,10AM-2PM,1.97,False,4.29,0
Bur Dubai,Mixed Use,74,69,55,57,74,2,5528,301.5,0.0565,2825043.0,1000,142500,236.9,6PM-10PM,1.7,True,0.82,1
Dubai Mall,Mall,94,81,32,89,91,4,8076,253.5,0.0433,2659399.0,1200,267000,118.52,2PM-6PM,1.55,True,1.56,0
JBR,Business District,85,78,52,81,93,2,7012,382.1,0.0539,4332404.0,1000,202500,255.74,10AM-2PM,1.98,True,0.94,1
Dubai Marina,High Street,84,77,45,74,84,1,5995,336.6,0.0443,2681812.0,1000,185000,172.96,2PM-6PM,1.68,True,0.43,0
Downtown Dubai,Mixed Use,89,88,32,100,94,4,7807,297.8,0.0592,4129066.0,800,200000,246.74,2PM-6PM,1.45,True,2.73,0
Karama,High Street,51,70,63,37,67,1,3829,344.5,0.0651,2576184.0,800,74000,416.76,10AM-2PM,1.38,False,2.82,0
Downtown Dubai,High Street,89,91,36,90,93,4,6901,402.4,0.0347,2890818.0,800,180000,191.72,2PM-6PM,1.77,True,0.98,0
Mirdif City Ctr,Mixed Use,86,74,58,63,85,3,6694,254.8,0.0734,3755800.0,1000,157500,285.16,6PM-10PM,1.86,False,2.49,1
Silicon Oasis,Mall,56,47,89,31,51,0,4181,297.2,0.0774,2885301.0,1000,77500,445.76,2PM-6PM,1.54,True,2.96,0
Business Bay,High Street,88,86,64,92,80,3,7253,271.3,0.0426,2514770.0,1200,276000,108.34,6PM-10PM,1.42,False,0.15,1
Jumeirah,High Street,61,77,74,64,75,0,4532,351.5,0.0655,3130241.0,1500,240000,155.51,2PM-6PM,1.63,True,1.66,0
Dubai Marina,Mall,79,87,50,85,85,1,6936,383.7,0.0409,3265468.0,800,170000,229.5,10AM-2PM,1.51,True,2.31,0
Downtown Dubai,Mall,97,92,33,96,82,2,6599,290.3,0.0392,2252851.0,2000,480000,55.32,10AM-2PM,1.77,False,2.37,0
Downtown Dubai,Mall,97,81,37,99,91,2,8676,411.9,0.0486,5210374.0,1200,297000,209.52,6PM-10PM,1.39,True,1.58,0
Silicon Oasis,High Street,55,62,74,42,64,1,4942,189.8,0.0728,2048574.0,1200,126000,194.1,10AM-2PM,1.71,True,0.61,0
Dubai Mall,High Street,88,93,29,96,97,4,7056,293.4,0.0562,3490408.0,1000,240000,173.52,10AM-2PM,1.82,True,3.87,0
Bur Dubai,Mall,87,62,57,54,71,2,7146,435.1,0.061,5689881.0,1200,162000,420.47,6PM-10PM,1.56,True,3.86,1
Karama,High Street,68,58,67,53,54,2,5396,246.1,0.0667,2657239.0,1500,198750,159.44,10AM-2PM,1.56,True,4.45,0
Dubai Marina,Mall,79,83,43,74,87,4,7200,309.3,0.0501,3347121.0,1200,222000,179.93,2PM-6PM,1.73,True,0.12,0
Al Qusais,High Street,62,55,75,45,43,2,5112,194.1,0.0738,2196818.0,1200,135000,194.27,10AM-2PM,1.51,True,1.63,0
Downtown Dubai,Mixed Use,91,93,37,99,97,3,8212,373.0,0.0622,5715700.0,2000,495000,137.56,6PM-10PM,1.35,True,3.89,0
Silicon Oasis,Mall,48,60,89,30,65,1,4355,358.6,0.0601,2815751.0,800,60000,562.15,2PM-6PM,1.8,True,2.43,0
Al Qusais,Mall,49,53,83,40,54,0,4289,400.9,0.0731,3770776.0,2000,200000,225.25,2PM-6PM,1.53,False,3.73,0
Al Qusais,Mixed Use,55,55,76,41,53,1,4765,304.2,0.0662,2878733.0,1200,123000,279.85,10AM-2PM,1.25,True,4.5,0
Bur Dubai,High Street,86,62,44,44,68,2,6364,395.6,0.0643,4856447.0,1000,110000,528.79,10AM-2PM,1.89,True,2.66,0
Karama,Mall,56,66,71,40,62,2,5416,431.9,0.0582,4084192.0,1000,100000,489.1,10AM-2PM,1.71,True,2.05,0
JBR,High Street,93,87,58,87,89,2,8034,310.4,0.0691,5169551.0,2000,435000,141.61,6PM-10PM,1.75,True,2.95,1
Deira,Business District,77,78,46,53,78,1,7278,263.2,0.052,2988289.0,1500,198750,179.42,6PM-10PM,1.71,False,3.98,0
JBR,Mall,79,87,55,83,81,3,5916,416.4,0.055,4064647.0,1200,249000,194.89,10AM-2PM,1.98,True,1.75,1
Mirdif City Ctr,Mixed Use,81,79,56,66,86,2,6707,341.2,0.0516,3542487.0,1500,247500,170.76,2PM-6PM,1.95,True,1.8,1
JBR,Mixed Use,82,83,51,79,96,1,6354,194.2,0.0505,1869429.0,1500,296250,74.72,10AM-2PM,1.48,True,4.39,1
Deira,High Street,80,68,46,59,70,2,6324,219.3,0.0673,2800057.0,2000,295000,112.9,2PM-6PM,1.6,True,2.85,0
Al Qusais,Mall,53,54,68,36,49,2,4510,183.9,0.0768,1910912.0,1000,90000,253.79,6PM-10PM,1.3,True,3.47,0
Al Barsha,Mixed Use,73,66,62,68,67,2,5105,133.3,0.0544,1110570.0,1200,204000,64.33,6PM-10PM,1.76,True,2.36,1
Al Barsha,Mall,71,65,63,73,61,0,4631,371.6,0.0675,3484781.0,1500,273750,151.76,6PM-10PM,1.37,True,3.73,1
Downtown Dubai,Mixed Use,92,98,44,81,98,1,7760,316.8,0.0656,4838068.0,2000,405000,142.35,2PM-6PM,1.99,True,1.21,0
Business Bay,Mall,80,90,59,86,86,1,6329,393.3,0.0459,3427622.0,1000,215000,190.31,6PM-10PM,1.23,True,1.01,1
Deira,Mall,76,72,51,59,79,2,6885,342.4,0.0589,4165568.0,1000,147500,337.89,2PM-6PM,1.58,True,3.46,1
Mirdif City Ctr,Mixed Use,73,78,58,75,79,1,5127,361.3,0.0655,3639937.0,1500,281250,154.3,2PM-6PM,1.93,True,4.16,1
Al Qusais,Mixed Use,61,61,75,45,51,0,4656,348.3,0.07,3405538.0,2000,225000,180.63,2PM-6PM,1.49,True,3.4,0
DIFC,High Street,79,95,66,83,87,0,6667,367.8,0.0452,3325078.0,1000,207500,191.29,10AM-2PM,1.91,False,1.32,1
Bur Dubai,Mixed Use,79,65,39,52,79,3,5352,283.2,0.0451,2050724.0,1200,156000,156.75,2PM-6PM,1.47,False,4.22,0
Al Barsha,Mall,69,75,62,57,71,2,5079,280.8,0.046,1968133.0,1200,171000,137.11,2PM-6PM,1.25,False,2.95,0
Al Barsha,Mixed Use,69,76,65,62,71,0,4961,378.9,0.0424,2391008.0,1000,155000,184.11,6PM-10PM,1.44,True,0.57,0
Downtown Dubai,Mall,87,89,30,82,95,4,6928,454.0,0.0305,2877960.0,800,164000,209.58,10AM-2PM,1.51,True,0.3,0
Al Qusais,Mall,49,59,84,47,59,1,4349,314.2,0.0699,2865458.0,2000,235000,145.32,10AM-2PM,1.57,True,4.41,0
Karama,Mall,63,58,71,49,64,2,5257,345.5,0.0581,3165800.0,2000,245000,154.06,2PM-6PM,1.83,True,3.54,0
Al Barsha,Mall,73,69,64,60,66,2,5723,244.0,0.045,1885156.0,1000,150000,149.81,10AM-2PM,1.8,True,4.04,1
Al Barsha,High Street,64,72,62,65,68,3,4969,387.7,0.0559,3230709.0,2000,325000,118.29,10AM-2PM,1.36,True,3.09,0
Deira,Business District,80,71,54,54,69,2,6243,268.0,0.0578,2901197.0,800,108000,321.36,2PM-6PM,1.25,True,0.61,1
DIFC,Mall,77,100,73,84,81,3,6958,248.5,0.0583,3024131.0,2000,420000,85.4,6PM-10PM,1.43,True,0.23,1
Silicon Oasis,Business District,64,57,82,44,58,0,4804,308.5,0.0735,3267885.0,1500,165000,236.66,2PM-6PM,1.45,True,0.5,0
Downtown Dubai,Mixed Use,99,93,43,89,92,2,7995,370.8,0.0654,5816439.0,1500,333750,208.13,2PM-6PM,1.4,False,2.23,0
Jumeirah,Business District,70,83,63,68,74,0,5253,436.9,0.072,4957277.0,1200,204000,290.6,2PM-6PM,1.83,True,4.46,0
DIFC,Mall,60,88,65,86,84,3,4893,188.2,0.0489,1350905.0,1000,215000,74.4,2PM-6PM,1.47,False,0.33,0
DIFC,Mixed Use,70,89,71,88,82,0,5546,315.6,0.0621,3260842.0,1000,220000,176.86,6PM-10PM,1.67,True,3.56,0
Motor City,High Street,64,59,84,30,74,0,4840,405.2,0.069,4059618.0,1500,112500,432.03,2PM-6PM,1.33,True,1.5,0
Dubai Marina,Mall,85,86,45,86,86,1,6612,174.4,0.0431,1491001.0,1500,322500,54.48,2PM-6PM,1.37,True,4.11,0
Karama,Mall,59,56,62,36,58,0,4671,334.3,0.0544,2548393.0,2000,180000,168.89,6PM-10PM,1.44,True,1.91,0
Downtown Dubai,Business District,93,93,36,92,88,0,8480,382.5,0.0533,5186516.0,1500,345000,179.4,2PM-6PM,1.48,False,2.33,0
Motor City,Mixed Use,58,55,73,48,52,2,5212,276.9,0.064,2770949.0,2000,240000,137.55,2PM-6PM,1.62,True,2.17,0
Bur Dubai,Mixed Use,76,71,46,52,68,4,6527,309.6,0.0628,3807110.0,1000,130000,350.43,2PM-6PM,1.66,True,1.31,0
Jumeirah,Mall,64,78,71,72,81,1,5500,421.1,0.0487,3383749.0,1000,180000,224.58,10AM-2PM,2.0,True,2.71,0
Al Qusais,Mall,56,52,67,32,64,0,4574,244.8,0.0702,2358120.0,1000,80000,352.72,10AM-2PM,1.66,True,2.3,0
Deira,Mall,84,70,46,53,76,4,7156,378.1,0.0488,3961121.0,2000,265000,178.37,6PM-10PM,1.94,True,0.66,0
Mirdif City Ctr,Mall,89,80,53,55,85,1,7263,298.4,0.0713,4635810.0,1200,165000,336.15,6PM-10PM,1.2,False,1.67,1
DIFC,Mall,78,96,77,84,82,0,5842,212.3,0.0613,2280832.0,2000,420000,64.17,10AM-2PM,1.59,False,2.71,1
DIFC,Mixed Use,70,100,66,86,86,3,5835,265.3,0.0566,2628547.0,1200,258000,121.26,10AM-2PM,1.82,True,3.48,0
Al Qusais,High Street,68,49,76,40,54,1,6000,260.3,0.086,4029444.0,1200,120000,401.94,6PM-10PM,1.95,True,1.3,0
Downtown Dubai,Business District,85,87,29,96,95,4,7443,370.3,0.0407,3365250.0,1200,288000,139.22,10AM-2PM,1.76,False,1.58,0
DIFC,Mall,70,94,73,95,91,0,6312,284.7,0.0561,3024395.0,800,190000,190.01,6PM-10PM,1.45,True,1.62,0
Jumeirah,High Street,59,79,69,63,75,1,4377,219.3,0.0514,1480129.0,800,126000,139.96,2PM-6PM,1.69,True,2.11,0
Deira,High Street,78,72,57,52,63,1,5823,427.0,0.0535,3990706.0,800,104000,459.47,2PM-6PM,1.25,True,2.72,1
Jumeirah,High Street,63,75,66,79,76,1,5183,274.5,0.0704,3004813.0,1500,296250,120.71,6PM-10PM,1.95,False,2.68,0
Dubai Marina,High Street,81,81,43,76,90,4,5988,283.8,0.0367,1871033.0,1200,228000,97.48,6PM-10PM,2.0,True,4.04,0
Deira,Mixed Use,80,66,42,64,67,3,6326,299.8,0.061,3470659.0,1500,240000,172.53,2PM-6PM,1.55,True,3.71,0
Dubai Marina,High Street,81,82,46,82,75,2,6424,255.0,0.055,2702898.0,800,164000,196.77,10AM-2PM,1.86,False,3.57,0
Business Bay,Mall,81,80,58,82,81,1,6374,271.0,0.0522,2705036.0,1200,246000,130.95,6PM-10PM,1.88,False,3.99,1
Al Barsha,Business District,69,72,61,60,68,2,6026,293.5,0.0601,3188842.0,800,120000,317.88,6PM-10PM,1.24,True,2.48,0
Business Bay,Mall,82,78,55,79,91,3,6520,385.2,0.0643,4844691.0,1500,296250,195.24,6PM-10PM,1.75,False,0.31,1
Silicon Oasis,Mall,59,49,90,41,56,0,4539,163.0,0.0664,1473795.0,1000,102500,171.54,2PM-6PM,1.68,False,1.49,0
Silicon Oasis,Mall,52,53,84,35,55,0,3486,346.6,0.0619,2243716.0,1500,131250,204.14,2PM-6PM,1.7,True,3.81,0
Mirdif City Ctr,Mall,82,73,57,67,74,1,6261,236.3,0.0679,3013689.0,1200,201000,178.92,6PM-10PM,1.25,True,4.31,1
DIFC,Business District,79,93,64,78,90,0,6323,363.8,0.0632,4361383.0,1500,292500,177.93,6PM-10PM,1.96,False,4.09,1
Jumeirah,High Street,56,74,77,65,78,1,4391,438.7,0.0683,3947054.0,1200,195000,241.9,2PM-6PM,1.26,False,1.22,0
Mirdif City Ctr,High Street,73,76,67,69,76,3,5996,423.4,0.067,5102800.0,2000,345000,176.49,10AM-2PM,1.93,True,3.15,1
JBR,Mall,78,84,58,80,89,0,6356,269.2,0.0498,2556287.0,2000,400000,75.69,10AM-2PM,1.36,True,3.89,1
Bur Dubai,Mall,79,59,54,55,72,1,6739,235.1,0.0479,2276695.0,800,110000,247.37,6PM-10PM,1.51,True,2.71,1
Business Bay,Mall,91,81,58,78,76,3,7899,289.7,0.0534,3665921.0,1500,292500,149.4,6PM-10PM,1.32,False,2.12,1
Dubai Marina,Mall,88,87,50,77,91,2,6579,370.5,0.0511,3736717.0,2000,385000,115.47,10AM-2PM,1.31,False,2.3,0
Al Qusais,Mixed Use,61,53,78,35,57,0,5486,334.3,0.0682,3752302.0,1000,87500,513.6,6PM-10PM,1.32,True,1.55,0
Mirdif City Ctr,Mixed Use,76,76,55,67,90,0,5349,342.1,0.0496,2722881.0,1500,251250,129.05,6PM-10PM,1.52,True,2.4,1
Silicon Oasis,High Street,55,60,91,31,50,0,4388,258.6,0.06,2042526.0,1500,116250,209.84,6PM-10PM,1.9,True,3.88,0
Bur Dubai,Mall,71,64,54,47,74,1,5478,340.4,0.0487,2724343.0,1000,117500,277.23,6PM-10PM,1.89,True,4.29,1
Business Bay,Business District,76,91,62,81,76,0,6712,363.5,0.0735,5379785.0,1200,243000,264.67,2PM-6PM,1.27,True,3.71,1
Deira,Business District,83,63,46,55,81,3,7787,278.8,0.0576,3751515.0,1500,206250,217.27,6PM-10PM,1.87,True,3.17,0
Motor City,High Street,57,61,81,34,56,0,4458,256.7,0.0585,2008367.0,1200,102000,235.28,10AM-2PM,1.44,False,1.83,0
Silicon Oasis,Mall,57,59,85,28,58,0,3930,318.7,0.0588,2209394.0,1200,84000,314.63,10AM-2PM,1.56,False,2.43,0
Dubai Marina,Mixed Use,91,85,52,79,83,2,6452,457.6,0.0527,4667800.0,1000,197500,282.61,10AM-2PM,2.0,True,4.15,1
DIFC,High Street,80,87,67,92,88,2,6255,358.6,0.0589,3963457.0,1500,345000,136.86,2PM-6PM,1.26,False,3.23,1
Deira,Mixed Use,77,67,42,60,81,2,6729,297.3,0.0529,3174844.0,1200,180000,210.66,2PM-6PM,1.99,False,1.19,0
Dubai Mall,Mall,100,88,34,92,100,3,8055,418.7,0.0533,5392833.0,1200,276000,233.47,6PM-10PM,1.2,True,1.16,0
Al Barsha,Mall,63,72,61,59,64,2,5233,262.8,0.0578,2384653.0,1000,147500,193.01,6PM-10PM,1.47,False,4.47,0
Downtown Dubai,Mall,93,87,32,90,95,2,7599,296.1,0.0545,3678854.0,2000,450000,97.1,10AM-2PM,1.96,True,3.88,0
Al Qusais,Mall,54,41,76,36,55,2,4346,388.3,0.0652,3300851.0,2000,180000,219.06,2PM-6PM,1.56,True,3.18,0
JBR,Mall,88,85,45,83,94,2,7250,288.4,0.0449,2816442.0,1000,207500,161.88,10AM-2PM,1.23,True,4.3,0
Al Qusais,High Street,61,57,79,34,61,0,6070,326.5,0.0653,3882454.0,1200,102000,455.76,6PM-10PM,1.71,True,2.44,0
Mirdif City Ctr,High Street,68,76,64,58,76,0,6100,256.7,0.0622,2921913.0,1500,217500,160.21,10AM-2PM,1.54,False,2.99,0
DIFC,Mall,77,100,65,97,82,1,6865,392.0,0.058,4682479.0,1500,363750,153.47,6PM-10PM,1.66,False,3.29,1
Bur Dubai,Business District,78,60,51,42,71,1,6781,308.9,0.0625,3927470.0,1500,157500,298.24,10AM-2PM,1.66,True,3.24,1
Business Bay,Business District,87,88,65,97,77,3,6836,324.7,0.0655,4361611.0,1500,363750,142.89,6PM-10PM,1.9,True,1.23,1
Motor City,Mall,56,67,78,39,57,1,4919,268.0,0.0745,2946383.0,1200,117000,301.19,2PM-6PM,1.64,True,2.0,0
Al Barsha,Mall,66,62,63,65,74,1,5494,372.2,0.0627,3846394.0,1000,162500,283.04,2PM-6PM,1.67,True,2.82,0
Dubai Marina,High Street,84,89,46,74,89,2,6297,411.8,0.0388,3018374.0,1500,277500,129.52,2PM-6PM,1.97,True,2.19,0
Al Qusais,High Street,58,57,85,43,55,0,4325,451.0,0.0645,3774363.0,2000,215000,209.66,2PM-6PM,1.31,False,3.87,0
Silicon Oasis,Mall,54,67,88,25,62,0,4418,299.3,0.0765,3034695.0,2000,125000,290.33,6PM-10PM,1.64,True,1.01,0
Business Bay,High Street,82,87,56,86,73,1,6717,334.5,0.0752,5068863.0,800,172000,352.64,10AM-2PM,1.87,False,4.19,1
Karama,High Street,64,62,67,46,60,0,5216,228.2,0.0564,2013973.0,1200,138000,174.13,6PM-10PM,1.68,True,1.77,0
Downtown Dubai,Mixed Use,90,96,30,94,93,3,6406,233.2,0.0424,1900214.0,2000,470000,47.52,10AM-2PM,1.51,True,3.87,0
JBR,High Street,84,87,46,82,89,1,7129,349.9,0.0656,4909052.0,2000,410000,142.68,2PM-6PM,1.94,True,2.53,0
JBR,Mixed Use,87,82,49,86,87,3,6195,295.7,0.0283,1555250.0,1500,322500,56.87,2PM-6PM,1.36,True,3.48,0
Deira,Mixed Use,81,65,45,54,69,2,6828,303.1,0.0483,2998802.0,1200,162000,221.13,10AM-2PM,1.66,True,1.49,0
Karama,Mixed Use,60,62,68,50,50,0,5399,338.1,0.061,3340485.0,1000,125000,319.69,2PM-6PM,1.34,True,1.94,0
Jumeirah,Mixed Use,70,84,71,74,86,2,4984,301.0,0.0632,2844349.0,1000,185000,183.5,2PM-6PM,1.21,False,1.76,0
Downtown Dubai,Mall,95,90,33,91,97,3,7667,389.9,0.0376,3372002.0,800,182000,221.33,2PM-6PM,1.88,True,3.05,0
Al Qusais,High Street,53,49,83,40,51,0,4167,226.9,0.0604,1713232.0,2000,200000,101.79,10AM-2PM,1.32,False,1.02,0
Mirdif City Ctr,High Street,79,76,57,69,69,1,6994,349.3,0.0721,5284218.0,2000,345000,182.8,2PM-6PM,1.28,True,2.87,1
Mirdif City Ctr,Business District,73,80,63,68,86,0,5527,334.3,0.0491,2721627.0,1500,255000,127.08,10AM-2PM,1.52,True,2.87,1
Jumeirah,Mall,63,81,77,66,82,0,5854,253.0,0.0594,2639252.0,1000,165000,190.95,6PM-10PM,1.25,True,3.99,0
Mirdif City Ctr,High Street,70,78,51,65,81,2,5419,359.8,0.0719,4205624.0,1200,195000,257.81,6PM-10PM,1.93,False,2.66,0
Motor City,Mixed Use,57,73,79,41,70,1,4955,329.1,0.0678,3316824.0,1000,102500,387.31,10AM-2PM,1.25,False,1.47,0
Business Bay,Mall,83,86,48,82,83,1,6516,331.0,0.0643,4160459.0,2000,410000,120.77,10AM-2PM,1.33,True,4.24,0
Business Bay,Mall,81,86,56,84,71,1,7148,328.9,0.0472,3328984.0,800,168000,236.78,10AM-2PM,1.81,True,0.31,1
Deira,High Street,78,69,39,48,81,5,6708,325.6,0.0346,2267122.0,1000,120000,225.71,10AM-2PM,1.92,True,2.81,0
Motor City,Mixed Use,60,61,78,42,51,0,5143,309.8,0.0798,3814364.0,1200,126000,362.27,10AM-2PM,1.61,True,1.49,0
Karama,Business District,67,59,73,41,67,2,4727,279.2,0.0671,2656714.0,1200,123000,258.19,6PM-10PM,1.66,True,4.25,0
Jumeirah,Mall,74,77,73,60,63,0,5917,392.3,0.0737,5132260.0,1200,180000,341.15,10AM-2PM,1.61,False,2.79,1
Dubai Mall,Mall,97,91,31,94,97,2,7793,439.3,0.0619,6357374.0,2000,470000,161.32,10AM-2PM,1.39,True,0.92,0
Mirdif City Ctr,Mall,65,77,60,67,87,1,6015,353.5,0.0642,4095259.0,1200,201000,243.49,6PM-10PM,1.77,True,2.74,0
JBR,Mixed Use,86,81,48,70,87,1,7015,461.9,0.0638,6201797.0,1500,262500,282.51,10AM-2PM,1.48,True,2.26,0
Business Bay,High Street,82,95,58,92,86,1,6382,391.5,0.0678,5082057.0,1000,230000,264.15,2PM-6PM,1.42,True,3.12,1
Downtown Dubai,Mall,89,91,41,89,92,5,6559,318.8,0.0604,3788909.0,1500,333750,135.23,10AM-2PM,1.42,False,3.28,0
Jumeirah,High Street,62,73,73,69,69,1,5726,284.8,0.0622,3043007.0,1200,207000,175.41,10AM-2PM,1.25,False,0.14,0
Dubai Marina,Mall,85,83,47,81,93,1,8049,414.8,0.0314,3145079.0,2000,405000,92.19,10AM-2PM,1.61,False,0.87,0
Deira,High Street,79,81,35,54,72,2,5743,264.2,0.042,1911799.0,800,108000,211.42,2PM-6PM,1.77,True,3.51,0
JBR,Mall,87,86,58,77,89,1,6958,444.5,0.0655,6077413.0,2000,385000,188.43,2PM-6PM,1.27,False,2.3,1
Deira,Mixed Use,75,61,45,50,87,2,5393,240.9,0.0622,2424258.0,2000,250000,115.36,10AM-2PM,1.26,True,0.32,0
Mirdif City Ctr,Business District,84,72,56,67,81,2,6904,404.9,0.0506,4243462.0,800,134000,379.01,2PM-6PM,1.71,True,4.49,1
DIFC,High Street,74,100,61,84,88,2,7401,381.5,0.0691,5853077.0,1200,252000,277.72,6PM-10PM,1.37,True,0.38,1
Karama,Mall,58,56,67,39,47,0,4944,336.8,0.0627,3132127.0,800,78000,480.87,10AM-2PM,1.98,True,3.69,0
Business Bay,Mixed Use,88,92,53,79,81,0,7091,302.9,0.0511,3292675.0,2000,395000,99.03,6PM-10PM,1.86,True,1.95,1
Silicon Oasis,High Street,43,59,87,44,54,0,3035,255.4,0.0638,1483616.0,1500,165000,106.9,2PM-6PM,1.55,True,2.5,0
Motor City,Mall,65,69,83,41,60,0,5134,260.4,0.0706,2831541.0,2000,205000,164.75,10AM-2PM,1.43,False,4.35,0
Karama,High Street,56,63,74,52,62,0,4794,267.0,0.0535,2054397.0,1000,130000,188.64,10AM-2PM,1.7,True,2.36,0
Jumeirah,Business District,74,86,75,74,78,1,6369,375.8,0.0488,3504040.0,1500,277500,150.53,10AM-2PM,1.33,False,0.87,1
Downtown Dubai,Mall,89,89,35,90,93,4,6799,310.8,0.0423,2681561.0,800,180000,177.77,10AM-2PM,1.8,True,2.07,0
DIFC,Mall,63,93,68,91,78,1,5995,387.0,0.0651,4531087.0,1500,341250,158.33,2PM-6PM,1.27,True,0.56,0
Deira,Mixed Use,71,65,45,48,60,2,5928,375.4,0.045,3004251.0,1500,180000,199.28,2PM-6PM,1.3,True,1.11,0
Dubai Marina,Mall,90,94,54,81,94,1,7745,370.5,0.0682,5871043.0,1500,303750,230.94,10AM-2PM,1.82,False,1.78,1
Al Qusais,Mall,61,47,77,38,51,0,4424,310.7,0.0695,2865909.0,1500,142500,240.34,10AM-2PM,1.42,True,0.82,0
Jumeirah,Mall,69,75,71,68,69,0,5251,361.6,0.0679,3867777.0,1000,170000,272.02,10AM-2PM,1.66,False,0.88,0
Jumeirah,Mall,73,88,67,68,74,1,6484,387.7,0.0608,4585257.0,1200,204000,268.72,10AM-2PM,1.85,True,0.49,1
Deira,High Street,70,60,54,55,74,1,6037,273.3,0.0632,3128233.0,2000,275000,135.5,2PM-6PM,1.79,True,1.69,0
Business Bay,High Street,76,82,58,76,83,3,5910,351.5,0.0535,3334171.0,1500,285000,139.39,2PM-6PM,1.85,False,1.19,1
JBR,Mall,82,83,53,82,93,3,6593,296.1,0.0357,2090793.0,1200,246000,100.99,2PM-6PM,1.55,True,0.98,1
Karama,High Street,59,68,65,53,57,2,4433,374.7,0.0459,2287259.0,2000,265000,102.57,10AM-2PM,1.86,True,1.24,0
Karama,High Street,62,57,68,43,60,2,4427,439.7,0.0587,3427878.0,1000,107500,381.65,2PM-6PM,1.67,True,0.95,0
Mirdif City Ctr,Business District,77,71,56,64,88,2,6148,381.5,0.0646,4545505.0,1000,160000,339.91,10AM-2PM,1.56,False,1.07,1
Motor City,High Street,65,64,78,35,68,1,4923,245.3,0.0803,2909137.0,1500,131250,264.98,2PM-6PM,1.28,True,0.21,0
Al Barsha,Mall,69,79,61,54,71,1,5044,295.4,0.0439,1962327.0,1200,162000,144.36,10AM-2PM,1.97,True,1.59,0
Mirdif City Ctr,High Street,81,74,66,68,85,1,5998,355.0,0.0631,4030746.0,1500,255000,188.68,10AM-2PM,1.74,True,1.6,1
DIFC,Mall,66,97,72,92,82,0,5664,329.8,0.0629,3524892.0,800,184000,228.88,2PM-6PM,1.21,False,0.3,0
Mirdif City Ctr,Mall,84,69,51,70,86,1,6313,369.7,0.0589,4124030.0,800,140000,352.49,10AM-2PM,1.63,False,1.04,1
Jumeirah,High Street,68,81,68,72,82,2,4989,362.2,0.0667,3615839.0,1000,180000,240.06,2PM-6PM,1.41,True,0.1,0
Jumeirah,Mixed Use,67,78,73,66,76,2,5952,293.7,0.056,2936812.0,800,132000,265.98,2PM-6PM,1.3,False,2.71,0
Al Qusais,High Street,51,52,69,37,49,1,4632,336.9,0.0386,1807083.0,1000,92500,233.43,2PM-6PM,1.88,True,2.18,0
Mirdif City Ctr,Mall,77,74,70,71,82,1,6477,354.5,0.0849,5848158.0,2000,355000,196.68,2PM-6PM,1.34,True,1.03,1
Mirdif City Ctr,High Street,80,77,50,54,85,1,6371,372.0,0.041,2915115.0,800,108000,322.9,6PM-10PM,1.81,True,3.22,0
Karama,Business District,61,51,73,40,54,1,5157,463.5,0.0715,5127128.0,1200,120000,511.71,2PM-6PM,1.41,True,1.13,0
Deira,Mall,75,69,46,55,75,1,5474,390.6,0.0625,4009021.0,1200,165000,290.57,6PM-10PM,1.51,False,3.91,0
Mirdif City Ctr,Mixed Use,70,75,57,61,88,2,5196,300.8,0.0579,2714856.0,1200,183000,177.02,6PM-10PM,1.58,False,3.36,0
Bur Dubai,Mixed Use,73,65,52,36,82,4,5914,363.9,0.0674,4351556.0,2000,180000,289.1,6PM-10PM,1.23,False,3.28,1
DIFC,Mall,71,100,72,91,84,0,5835,317.8,0.0478,2659157.0,1200,273000,115.89,10AM-2PM,1.87,True,2.42,1
DIFC,Mall,77,95,74,96,80,0,8186,328.0,0.0597,4808849.0,800,192000,299.55,2PM-6PM,1.44,True,0.74,1
Business Bay,Mall,81,87,53,86,80,0,5622,379.4,0.0575,3679402.0,1500,322500,135.91,2PM-6PM,1.91,True,1.17,1
Dubai Marina,Mixed Use,84,90,53,80,82,3,6533,290.4,0.0623,3545835.0,1500,300000,140.83,6PM-10PM,1.28,True,0.63,1
Dubai Marina,Mall,83,84,31,90,88,3,6802,336.5,0.0485,3330310.0,1200,270000,147.01,6PM-10PM,1.94,True,2.49,0
Deira,High Street,72,56,45,52,69,1,5829,382.2,0.0437,2920703.0,1000,130000,268.6,6PM-10PM,1.23,False,3.06,0
Silicon Oasis,High Street,53,58,84,35,59,0,4094,326.4,0.0593,2377245.0,800,70000,406.53,10AM-2PM,1.64,True,2.97,0
Business Bay,Mall,88,94,65,85,85,1,7745,357.7,0.0579,4812161.0,2000,425000,134.87,10AM-2PM,1.27,True,3.38,1
JBR,Mall,87,86,51,78,85,3,6812,416.0,0.0698,5933960.0,2000,390000,181.58,2PM-6PM,1.62,False,1.69,1
Motor City,High Street,59,73,79,34,55,0,4046,354.8,0.0581,2502113.0,1200,102000,293.37,10AM-2PM,1.26,True,2.05,0
Jumeirah,Business District,64,82,68,69,78,1,5524,532.4,0.0519,4579102.0,1500,258750,211.36,6PM-10PM,1.72,True,3.73,0
Dubai Marina,High Street,82,87,50,90,84,0,6295,374.5,0.0356,2517786.0,800,180000,166.85,10AM-2PM,1.45,True,3.83,0
Al Qusais,High Street,57,47,89,31,49,0,5204,291.2,0.0668,3036871.0,1200,93000,390.85,6PM-10PM,1.79,False,4.36,0
Bur Dubai,Mixed Use,80,73,56,51,72,1,6402,353.7,0.0642,4361210.0,800,102000,512.08,10AM-2PM,1.75,False,1.32,1
Silicon Oasis,Mall,54,65,84,39,65,1,4574,345.9,0.0661,3137397.0,2000,195000,192.07,2PM-6PM,1.37,True,0.93,0
Motor City,Mall,70,63,73,43,60,1,6403,332.3,0.0617,3938404.0,1200,129000,365.36,2PM-6PM,1.28,False,1.8,0
Jumeirah,Mixed Use,68,72,73,70,75,0,5607,399.8,0.0767,5158102.0,1200,210000,293.75,2PM-6PM,1.42,True,3.28,0
DIFC,Mixed Use,72,92,68,81,82,1,5822,320.8,0.0857,4801851.0,800,162000,354.69,6PM-10PM,1.23,True,1.27,1
Al Qusais,High Street,67,54,76,42,50,3,6062,366.4,0.0604,4024664.0,1500,157500,305.64,2PM-6PM,1.8,False,2.87,0
Business Bay,Mall,85,87,50,84,82,3,6505,450.0,0.0392,3442446.0,800,168000,244.89,10AM-2PM,1.3,True,0.21,0
Motor City,Mixed Use,62,65,80,40,55,1,4105,388.9,0.0686,3285462.0,800,80000,491.82,6PM-10PM,1.27,False,2.87,0
Motor City,Business District,58,62,77,43,58,2,5169,304.1,0.065,3065191.0,1200,129000,284.13,10AM-2PM,1.38,False,3.92,0
Bur Dubai,Mixed Use,73,72,43,52,69,1,5899,232.3,0.0445,1829401.0,1500,195000,111.58,10AM-2PM,1.62,True,0.14,0
JBR,High Street,88,88,53,88,97,1,6581,450.8,0.0608,5411288.0,2000,440000,146.58,10AM-2PM,1.47,False,2.52,1
Dubai Mall,Mixed Use,96,87,28,96,100,2,7495,232.3,0.0505,2637749.0,1200,288000,108.91,10AM-2PM,1.35,False,2.1,0
Al Barsha,Mall,78,76,72,47,66,0,6341,359.0,0.0806,5504381.0,1500,176250,373.77,10AM-2PM,1.62,True,0.67,1
Downtown Dubai,High Street,90,93,32,92,95,2,7681,475.3,0.067,7338066.0,2000,460000,190.43,6PM-10PM,1.63,False,0.86,0
Al Qusais,Mall,56,53,75,35,63,0,5136,334.6,0.0617,3180954.0,2000,175000,217.12,2PM-6PM,1.81,False,2.28,0
DIFC,Mall,71,90,74,85,78,3,4663,333.5,0.0484,2258020.0,1200,255000,105.26,2PM-6PM,1.25,False,2.56,1
Al Barsha,High Street,62,62,61,62,69,2,5544,283.7,0.0517,2439464.0,800,124000,235.08,10AM-2PM,1.23,False,2.61,0
Al Barsha,Mall,75,72,66,62,68,2,4797,315.1,0.067,3038185.0,1200,186000,195.01,6PM-10PM,1.84,True,1.35,1
Deira,High Street,72,74,51,60,69,3,4897,375.1,0.0484,2667128.0,800,120000,265.71,2PM-6PM,1.85,False,2.5,1
Dubai Marina,Mall,81,81,35,81,85,5,5974,325.1,0.0586,3414295.0,1200,243000,167.61,6PM-10PM,1.8,True,2.63,0
Downtown Dubai,Mall,85,88,33,84,92,2,7070,338.8,0.0521,3743879.0,800,168000,266.42,10AM-2PM,1.39,False,0.85,0
DIFC,High Street,74,100,72,93,84,3,5629,419.6,0.065,4605760.0,1500,348750,157.48,10AM-2PM,1.34,False,2.15,1
Karama,Mall,64,56,65,42,55,2,5505,304.0,0.049,2460074.0,1200,126000,233.29,2PM-6PM,1.21,True,2.69,0
Mirdif City Ctr,Mall,78,63,50,65,85,1,6323,352.9,0.0666,4458311.0,800,130000,410.54,10AM-2PM,1.57,True,4.33,0
Karama,High Street,66,60,63,44,52,3,5128,409.8,0.054,3404356.0,2000,220000,184.69,2PM-6PM,1.82,True,0.16,0
Dubai Marina,High Street,85,93,50,78,88,1,7068,393.8,0.0605,5051832.0,1000,195000,309.88,10AM-2PM,1.52,False,0.49,0
Business Bay,Mall,85,90,57,78,72,0,6441,370.6,0.0638,4568784.0,1000,195000,280.16,2PM-6PM,1.8,True,1.56,1
Motor City,Mall,53,54,76,40,62,1,3534,332.2,0.0708,2493565.0,1000,100000,298.23,10AM-2PM,1.97,True,2.44,0
Mirdif City Ctr,Mixed Use,83,70,65,60,79,2,5837,306.4,0.0509,2730974.0,1000,150000,217.48,10AM-2PM,1.58,True,2.24,1
Deira,High Street,82,66,41,49,75,0,6070,329.6,0.0483,2898974.0,1200,147000,235.65,6PM-10PM,1.8,True,0.59,0
Al Barsha,Mall,73,64,62,53,71,1,6019,356.3,0.0326,2097389.0,2000,265000,93.98,6PM-10PM,1.72,True,3.42,1
Dubai Marina,Mall,86,90,53,81,97,3,6829,420.4,0.0511,4401107.0,1000,202500,259.81,10AM-2PM,1.61,True,0.34,1
Dubai Mall,Mall,100,80,28,94,100,4,7708,401.4,0.0523,4854472.0,1500,352500,164.26,10AM-2PM,1.81,True,1.11,0
Bur Dubai,Business District,75,66,49,45,71,2,5173,382.3,0.0478,2835933.0,800,90000,377.12,6PM-10PM,1.9,True,3.14,0
Silicon Oasis,Mall,43,67,78,27,57,0,3512,296.0,0.0755,2354585.0,1200,81000,347.83,2PM-6PM,1.86,False,0.27,0
JBR,Mall,97,85,48,74,95,2,8255,343.4,0.0507,4311681.0,1200,222000,232.06,2PM-6PM,1.92,True,2.1,0
Deira,Mall,83,75,37,57,75,2,5888,265.6,0.0436,2045519.0,1200,171000,142.55,10AM-2PM,1.42,True,2.32,0
Business Bay,High Street,85,83,62,82,76,2,6888,443.2,0.0554,5073690.0,2000,410000,147.5,2PM-6PM,1.41,True,2.47,1
Dubai Marina,Mixed Use,78,90,42,80,88,3,6580,413.8,0.0487,3978017.0,1200,240000,197.9,10AM-2PM,1.44,True,1.3,0
Silicon Oasis,Mall,56,58,86,33,68,0,4256,340.2,0.0692,3005822.0,1000,82500,436.21,2PM-6PM,1.35,True,2.0,0
Dubai Marina,High Street,85,86,50,79,80,2,6617,238.0,0.0558,2636292.0,1200,237000,132.48,6PM-10PM,1.23,False,2.22,0
Al Qusais,High Street,55,54,72,32,57,1,4326,382.6,0.0419,2080495.0,2000,160000,155.04,2PM-6PM,1.37,True,3.13,0
Business Bay,High Street,92,92,58,88,88,0,7406,415.9,0.0523,4832764.0,800,176000,328.51,2PM-6PM,1.96,True,2.13,1
Downtown Dubai,Mall,97,92,39,95,92,4,7471,480.1,0.0526,5660013.0,2000,475000,141.99,6PM-10PM,1.28,False,4.02,0
Motor City,Mixed Use,67,65,86,30,60,0,5641,427.9,0.0835,6046529.0,1200,90000,805.2,6PM-10PM,1.7,True,3.43,0
Deira,Mall,77,61,43,59,70,2,6284,343.3,0.0528,3417159.0,1000,147500,277.01,10AM-2PM,1.82,False,1.1,0
Motor City,Mall,63,58,79,37,58,1,5438,374.2,0.0652,3980264.0,1500,138750,343.24,6PM-10PM,1.57,True,3.33,0
Motor City,High Street,60,59,77,36,53,0,4694,244.9,0.0773,2665831.0,800,72000,443.31,6PM-10PM,1.29,True,0.15,0
Motor City,High Street,56,63,76,39,65,0,4371,328.9,0.0634,2734357.0,1500,146250,223.36,6PM-10PM,1.76,True,3.42,0
JBR,Business District,88,79,59,81,91,2,7265,317.7,0.0551,3815274.0,1500,303750,149.73,2PM-6PM,1.78,True,1.23,1
Downtown Dubai,Mixed Use,80,90,41,97,89,4,5448,232.7,0.0442,1681036.0,2000,485000,40.59,6PM-10PM,1.73,True,0.56,0
Al Qusais,Mixed Use,51,57,93,39,55,0,4325,322.3,0.0754,3153109.0,1000,97500,387.07,6PM-10PM,1.59,True,2.91,0
Al Barsha,Mall,69,64,69,67,62,3,5412,323.8,0.059,3101758.0,800,134000,276.77,2PM-6PM,1.55,False,1.26,0
Dubai Marina,Mall,85,85,53,81,89,3,7744,250.6,0.0543,3161313.0,1200,243000,155.11,6PM-10PM,1.37,False,4.25,1
Business Bay,Mixed Use,77,88,52,82,85,1,6055,288.6,0.0585,3066815.0,2000,410000,88.76,6PM-10PM,1.65,True,0.16,1
Business Bay,Mixed Use,84,84,59,83,77,0,7308,456.3,0.0591,5912317.0,2000,415000,169.96,6PM-10PM,1.35,False,3.07,1
Al Qusais,High Street,56,51,69,32,50,0,3956,295.2,0.0689,2413866.0,1200,96000,300.73,2PM-6PM,1.99,True,3.12,0
Bur Dubai,Mall,76,66,49,49,67,4,6255,345.5,0.0423,2742439.0,1200,147000,222.87,2PM-6PM,1.75,True,0.39,0
Motor City,High Street,62,64,74,53,62,1,6759,260.5,0.0568,3000266.0,1000,132500,270.72,10AM-2PM,1.4,False,2.24,0
JBR,Mixed Use,85,88,53,79,84,2,7065,476.1,0.0451,4551014.0,800,158000,344.65,2PM-6PM,1.73,True,1.36,1
DIFC,Mall,66,93,63,91,86,2,5312,422.7,0.06,4041688.0,800,182000,265.48,6PM-10PM,1.96,False,3.81,0
Jumeirah,Business District,68,73,72,64,66,0,5930,311.6,0.0643,3564383.0,1200,192000,221.77,2PM-6PM,1.49,False,1.72,0
Dubai Mall,Mixed Use,92,95,28,100,100,3,7093,417.3,0.0234,2077856.0,2000,500000,48.87,2PM-6PM,1.64,True,0.52,0
Dubai Marina,Mall,84,81,37,81,84,3,6770,451.2,0.0558,5113441.0,2000,405000,150.51,2PM-6PM,1.42,True,2.76,0
Dubai Mall,High Street,95,88,32,97,100,4,7068,360.2,0.0484,3696638.0,1000,242500,181.93,10AM-2PM,1.6,False,3.49,0
JBR,Mixed Use,85,89,58,76,89,1,8245,319.0,0.0602,4750060.0,1200,228000,249.0,2PM-6PM,1.64,True,1.24,1
Motor City,Mall,66,70,78,39,56,0,5275,302.9,0.0683,3273887.0,2000,195000,200.47,10AM-2PM,1.9,False,1.94,0
Jumeirah,High Street,61,84,74,74,74,0,4657,383.4,0.0827,4429810.0,800,148000,358.17,2PM-6PM,1.66,False,0.23,0
Business Bay,High Street,92,89,55,89,80,1,6283,392.4,0.061,4511772.0,1500,333750,161.22,10AM-2PM,1.59,True,3.33,1
DIFC,Mixed Use,72,89,65,98,85,2,6009,456.0,0.067,5507609.0,1000,245000,268.76,6PM-10PM,1.92,True,3.05,1
Motor City,Business District,53,57,85,36,56,0,3950,239.5,0.0464,1316867.0,800,72000,218.48,6PM-10PM,1.55,False,2.59,0
Jumeirah,Mixed Use,60,86,66,77,73,1,4894,284.2,0.0503,2098830.0,1200,231000,108.03,6PM-10PM,1.24,True,2.84,0
Mirdif City Ctr,High Street,77,79,60,59,79,0,6803,385.5,0.0575,4523910.0,1500,221250,244.36,2PM-6PM,1.32,True,3.67,1
Bur Dubai,Mall,71,70,51,47,70,1,6051,324.3,0.0602,3543985.0,800,94000,451.42,10AM-2PM,1.75,False,1.61,1
Karama,High Street,56,57,63,48,60,1,4581,214.4,0.0616,1815044.0,1200,144000,150.25,6PM-10PM,1.64,False,2.3,0
JBR,Mall,83,90,59,77,92,3,6732,261.5,0.0622,3284940.0,1500,288750,135.52,10AM-2PM,2.0,False,2.94,1
Silicon Oasis,Mall,51,64,88,33,57,0,3760,314.9,0.0494,1754724.0,1000,82500,254.23,10AM-2PM,1.32,True,0.73,0
Karama,Mixed Use,62,61,69,46,63,2,5783,321.5,0.0861,4802403.0,1200,138000,416.6,2PM-6PM,1.33,True,0.69,0
Motor City,Mixed Use,61,63,70,34,63,1,5411,278.3,0.0515,2326587.0,800,68000,409.57,6PM-10PM,1.54,True,3.39,0
Downtown Dubai,Mixed Use,90,94,33,92,94,3,7210,308.0,0.0536,3570853.0,2000,460000,92.15,2PM-6PM,1.58,False,1.41,0
Business Bay,Mixed Use,84,93,55,85,84,2,6697,325.3,0.0563,3679544.0,1200,255000,172.16,10AM-2PM,1.22,True,2.52,1
Al Qusais,Mall,58,57,73,40,59,0,5624,287.1,0.0566,2741676.0,1500,150000,218.33,2PM-6PM,1.41,True,1.08,0
Dubai Mall,Mall,87,88,41,84,94,3,7584,458.0,0.0466,4855914.0,1000,210000,276.48,6PM-10PM,1.77,True,3.86,0
Al Qusais,Business District,57,57,73,38,53,1,4728,246.4,0.0593,2072498.0,2000,190000,129.89,10AM-2PM,1.58,True,1.14,0
Karama,Mall,55,59,64,47,65,0,5039,325.8,0.07,3447583.0,1500,176250,233.73,6PM-10PM,1.31,True,1.89,0
Al Barsha,High Street,68,70,62,54,79,1,4858,448.0,0.0744,4857689.0,1000,135000,430.79,10AM-2PM,1.61,True,2.27,0
DIFC,Mixed Use,72,92,63,85,76,3,5161,354.3,0.0562,3082922.0,1200,255000,144.08,10AM-2PM,1.99,True,1.93,1
DIFC,High Street,64,96,74,86,86,1,5027,335.0,0.0373,1884446.0,1200,258000,86.65,6PM-10PM,1.2,True,3.09,0
Mirdif City Ctr,Mixed Use,84,85,57,64,77,2,6153,279.3,0.049,2526243.0,2000,320000,93.73,10AM-2PM,1.28,False,1.53,1
Al Qusais,Mall,51,50,78,32,45,1,2965,385.6,0.0594,2037368.0,800,64000,381.01,10AM-2PM,1.7,False,4.2,0
Karama,Business District,63,54,65,46,57,3,5288,357.5,0.0643,3646697.0,1500,172500,252.68,10AM-2PM,1.3,True,3.13,0
Karama,High Street,66,59,61,45,60,1,5739,338.4,0.0685,3990969.0,1200,135000,353.75,2PM-6PM,1.46,False,1.41,0
Al Barsha,Mall,66,74,69,56,63,0,5105,295.8,0.052,2355692.0,1500,210000,133.61,2PM-6PM,1.28,False,3.12,0
Karama,Mixed Use,58,59,65,45,64,0,4908,354.9,0.035,1828942.0,1000,112500,194.09,2PM-6PM,1.6,False,3.63,0
Karama,Mixed Use,58,68,66,48,62,1,4339,343.5,0.0722,3228307.0,800,96000,402.54,2PM-6PM,1.82,True,3.67,0
Bur Dubai,Mixed Use,71,77,51,47,74,2,4852,379.0,0.045,2482526.0,1500,176250,168.02,2PM-6PM,1.52,False,0.77,1
JBR,Mall,80,74,53,90,82,3,5650,220.3,0.0649,2423421.0,800,180000,160.56,2PM-6PM,1.78,True,4.2,1
Jumeirah,Mall,60,77,70,69,80,1,4714,418.1,0.072,4257195.0,1200,207000,245.79,6PM-10PM,1.27,True,2.04,0
Dubai Mall,High Street,95,93,26,92,100,2,7854,349.6,0.0528,4349281.0,1000,230000,225.92,2PM-6PM,1.98,True,1.9,0
DIFC,High Street,67,100,71,95,84,4,5207,353.2,0.0563,3106261.0,2000,475000,77.47,2PM-6PM,1.25,True,4.34,0
Downtown Dubai,Business District,94,96,33,83,86,3,7258,360.3,0.0435,3412650.0,1200,249000,163.47,6PM-10PM,1.49,True,3.06,0
Dubai Marina,Mall,82,89,45,89,94,1,6245,323.2,0.0273,1653056.0,1200,267000,73.29,10AM-2PM,1.36,False,3.63,0
Al Barsha,Business District,63,75,59,58,66,2,4459,299.8,0.0578,2318025.0,800,116000,238.8,2PM-6PM,1.46,True,0.69,0
JBR,Mall,82,81,47,74,84,2,6210,404.6,0.0553,4168347.0,1000,185000,269.38,2PM-6PM,1.73,True,0.66,0
Motor City,Mall,53,70,79,36,68,0,3908,355.1,0.0587,2443794.0,800,72000,406.3,10AM-2PM,1.49,True,2.69,0
Downtown Dubai,Mall,79,93,34,87,95,5,6943,341.2,0.0589,4185937.0,1200,261000,191.46,10AM-2PM,1.23,True,3.58,0
Al Qusais,Mall,55,48,86,35,58,0,4504,321.4,0.0715,3105071.0,1500,131250,282.89,2PM-6PM,1.73,True,2.79,0
Mirdif City Ctr,High Street,74,74,61,69,83,2,5652,277.6,0.052,2447633.0,2000,345000,84.14,2PM-6PM,1.74,False,2.07,1
Dubai Marina,Mall,87,84,51,84,84,2,7499,369.5,0.0531,4414013.0,800,168000,314.29,2PM-6PM,1.41,False,1.05,1
Al Qusais,Mixed Use,65,57,80,44,54,2,4934,364.7,0.0535,2888085.0,2000,220000,156.53,10AM-2PM,1.89,True,3.38,0
Downtown Dubai,Mixed Use,91,86,34,82,100,1,7013,299.8,0.0608,3834955.0,1000,205000,223.49,10AM-2PM,1.34,True,4.36,0
Motor City,Mixed Use,62,64,79,46,65,3,5347,361.3,0.0607,3517937.0,800,92000,457.86,10AM-2PM,1.49,True,2.86,0
Dubai Marina,Mall,73,85,57,84,94,3,5218,225.9,0.0622,2199540.0,1000,210000,124.69,6PM-10PM,1.6,True,1.6,1
Karama,Mixed Use,64,55,65,48,62,1,5604,323.5,0.0425,2311440.0,1200,144000,191.62,6PM-10PM,1.83,False,2.69,0
Bur Dubai,Mall,70,72,46,42,64,2,5688,348.1,0.0642,3813466.0,2000,210000,216.91,6PM-10PM,1.2,True,1.61,0
Al Qusais,High Street,54,44,79,45,52,0,3535,341.6,0.0683,2474282.0,1200,135000,218.94,10AM-2PM,1.45,True,0.98,0
Bur Dubai,High Street,70,54,49,47,64,2,6204,377.1,0.0558,3916371.0,2000,235000,198.98,10AM-2PM,1.41,True,1.25,0
Silicon Oasis,Business District,58,65,86,31,61,1,4828,326.9,0.0563,2665703.0,2000,155000,205.38,6PM-10PM,1.81,True,2.91,0
Business Bay,High Street,81,85,50,75,80,2,5615,321.2,0.0561,3035354.0,2000,375000,96.13,2PM-6PM,1.72,True,4.31,0
Downtown Dubai,Mall,85,91,26,88,94,2,6315,356.8,0.0355,2399649.0,800,176000,162.61,6PM-10PM,1.45,True,4.38,0
Karama,Business District,60,65,71,43,55,0,5302,324.5,0.0586,3024637.0,2000,215000,167.82,6PM-10PM,1.88,True,1.97,0
Business Bay,Mixed Use,78,89,67,84,68,1,6413,390.2,0.061,4579305.0,1200,252000,217.06,10AM-2PM,1.32,True,1.36,1
Business Bay,Mixed Use,77,93,57,93,84,0,6703,388.5,0.0604,4718657.0,1500,348750,161.36,6PM-10PM,1.51,True,4.12,1
Karama,Business District,59,59,58,49,55,1,4277,275.0,0.0754,2660508.0,2000,245000,129.31,10AM-2PM,1.45,True,4.29,0
Jumeirah,Mall,69,72,68,73,72,0,5272,349.9,0.0555,3071380.0,1500,273750,133.64,2PM-6PM,1.81,False,1.07,0
Dubai Mall,High Street,93,91,33,98,88,5,7660,375.6,0.0433,3737348.0,2000,490000,90.53,10AM-2PM,1.25,True,1.87,0
Motor City,Mall,65,73,76,39,62,2,4615,205.3,0.0518,1472352.0,800,78000,225.52,10AM-2PM,1.53,False,4.47,0
Deira,Mall,76,74,56,55,73,1,6608,341.6,0.0611,4137618.0,1000,137500,360.1,6PM-10PM,1.57,True,4.04,1
Downtown Dubai,High Street,95,83,31,94,96,3,7146,481.4,0.061,6295354.0,2000,470000,159.73,10AM-2PM,1.64,True,1.45,0
Mirdif City Ctr,Mall,71,83,66,68,81,2,5605,380.7,0.0501,3207137.0,1000,170000,225.39,10AM-2PM,1.59,False,0.14,1
Business Bay,Mall,81,100,57,93,82,1,6119,326.8,0.057,3419469.0,1000,232500,175.49,6PM-10PM,1.46,True,3.22,1
Al Qusais,High Street,62,53,76,42,51,1,4287,426.0,0.0733,4015950.0,1000,105000,457.97,2PM-6PM,1.21,True,2.77,0
DIFC,Mixed Use,84,89,58,96,77,2,7311,388.1,0.0612,5209465.0,1200,288000,216.06,2PM-6PM,1.6,False,3.76,1
